{"id":1,"province_code":"01","code":"0110","type":"KRONG","khmer":"ប៉ោយប៉ែត","english":"Paoy Paet","commune":0,"sangkat":3,"village":38,"reference":"អនុក្រឹត្យលេខ ២៣២អនក្រ.បក","official_note":"អនុក្រឹត្យលេខ ២៣២អនក្រ.បក ស្តីពីការបង្កើត ក្រុងប៉ោយប៉ែត នៃខេត្តបន្ទាយមានជ័យ","note_by_checker":null}
{"id":2,"province_code":"01","code":"0109","type":"SROK","khmer":"ម៉ាឡៃ","english":"Malai","commune":6,"sangkat":0,"village":43,"reference":"ប្រកាសលេខ ៤៩៣ប្រ.ក","official_note":null,"note_by_checker":null}
{"id":3,"province_code":"01","code":"0108","type":"SROK","khmer":"ស្វាយចេក","english":"Svay Chek","commune":8,"sangkat":0,"village":71,"reference":"ប្រកាសលេខ ៤៩៣ប្រ.ក","official_note":null,"note_by_checker":null}
{"id":4,"province_code":"01","code":"0107","type":"SROK","khmer":"ថ្មពួក","english":"Thma Puok","commune":6,"sangkat":0,"village":65,"reference":"ប្រកាសលេខ ៤៩៣ប្រ.ក","official_note":null,"note_by_checker":null}
{"id":5,"province_code":"01","code":"0106","type":"KRONG","khmer":"សិរីសោភ័ណ","english":"Serei Saophoan","commune":0,"sangkat":7,"village":46,"reference":"អនុក្រឹត្យលេខ ១៦អនក្រ.បក","official_note":"អនុក្រឹត្យលេខ ១៦អនក្រ.បក ស្តីពីការប្តូរស្រុកសិរីសោភ័ណ ទៅជាក្រុងសិរីសោភ័ណ នៃខេត្តបន្ទាយមានជ័យ","note_by_checker":null}
{"id":6,"province_code":"01","code":"0105","type":"SROK","khmer":"អូរជ្រៅ","english":"Ou Chrov","commune":7,"sangkat":0,"village":56,"reference":"ប្រកាសលេខ ៤៩៣ ប្រ.ក","official_note":null,"note_by_checker":null}
{"id":7,"province_code":"01","code":"0104","type":"SROK","khmer":"ព្រះនេត្រព្រះ","english":"Preah Netr Preah","commune":9,"sangkat":0,"village":118,"reference":"ប្រកាសលេខ ៤៩៣ប្រ.ក","official_note":null,"note_by_checker":null}
{"id":8,"province_code":"01","code":"0103","type":"SROK","khmer":"ភ្នំស្រុក","english":"Phnum Srok","commune":6,"sangkat":0,"village":58,"reference":"ប្រកាសលេខ ៤៩៣ប្រ.ក","official_note":null,"note_by_checker":null}
{"id":9,"province_code":"01","code":"0102","type":"SROK","khmer":"មង្គលបូរី","english":"Mongkol Borei","commune":13,"sangkat":0,"village":159,"reference":"ប្រកាសលេខ ៤៩៣ប្រ.ក","official_note":null,"note_by_checker":null}
{"id":10,"province_code":"02","code":"0214","type":"SROK","khmer":"រុក្ខគិរី","english":"Rukh Kiri","commune":5,"sangkat":0,"village":43,"reference":"លេខ​04អនក្រ.បក","official_note":"យោងតាមអនុក្រឹត្យលេខ​04អនក្រ.បក​ដោយកាត់យកឃុំព្រៃត្រឡាច​និងឃុំព្រែកជីក​របស់ស្រុកមោងឫស្សី​នៃខេត្តបាត់ដំបង","note_by_checker":null}
{"id":11,"province_code":"02","code":"0213","type":"SROK","khmer":"គាស់ក្រឡ","english":"Koas Krala","commune":6,"sangkat":0,"village":51,"reference":"លេខ​៤៩៣ប្រ.ក","official_note":"តាមប្រកាសរបស់ក្រសួងមហាផ្ទៃ","note_by_checker":null}
{"id":12,"province_code":"02","code":"0212","type":"SROK","khmer":"កំរៀង","english":"Kamrieng","commune":6,"sangkat":0,"village":51,"reference":"លេខ​៤៩៣​ប្រ.ក","official_note":"តាមប្រកាសរបស់ក្រសួងមហាផ្ទៃ","note_by_checker":null}
{"id":13,"province_code":"02","code":"0211","type":"SROK","khmer":"ភ្នំព្រឹក","english":"Phnum Proek","commune":5,"sangkat":0,"village":45,"reference":"លេខ​៤៩៣​ប្រ.ក","official_note":"តាមប្រកាសរបស់ក្រសួងមហាផ្ទៃ","note_by_checker":null}
{"id":14,"province_code":"02","code":"0210","type":"SROK","khmer":"សំពៅលូន","english":"Sampov Lun","commune":6,"sangkat":0,"village":42,"reference":"លេខ​៤៩៣ប្រ.ក","official_note":"តាមប្រកាសរបស់ក្រសួងមហាផ្ទៃ","note_by_checker":null}
{"id":15,"province_code":"02","code":"0209","type":"SROK","khmer":"សំឡូត","english":"Samlout","commune":7,"sangkat":0,"village":49,"reference":"លេខ​៤៩៣ប្រ.ក","official_note":"តាមប្រកាសរបស់ក្រសួងមហាផ្ទៃ","note_by_checker":null}
{"id":16,"province_code":"02","code":"0208","type":"SROK","khmer":"សង្កែ","english":"Sangkae","commune":10,"sangkat":0,"village":64,"reference":"លេខ​៤៩៣ប្រ.ក","official_note":"តាមប្រកាសរបស់ក្រសួងមហាផ្ទៃ","note_by_checker":null}
{"id":17,"province_code":"02","code":"0207","type":"SROK","khmer":"រតនមណ្ឌល","english":"Rotonak Mondol","commune":5,"sangkat":0,"village":38,"reference":"លេខ​៤៩៣ប្រ.ក","official_note":"តាមប្រកាសរបស់ក្រសួងមហាផ្ទៃ","note_by_checker":null}
{"id":18,"province_code":"02","code":"0206","type":"SROK","khmer":"មោងឫស្សី","english":"Moung Ruessei","commune":9,"sangkat":0,"village":92,"reference":"លេខ​៤៩៣ប្រ.ក","official_note":"តាមប្រកាសរបស់ក្រសួងមហាផ្ទៃ","note_by_checker":null}
{"id":19,"province_code":"02","code":"0205","type":"SROK","khmer":"ឯកភ្នំ","english":"Aek Phnum","commune":7,"sangkat":0,"village":45,"reference":"លេខ​៤៩៣ប្រ.ក","official_note":"តាមប្រកាសរបស់ក្រសួងមហាផ្ទៃ","note_by_checker":null}
{"id":20,"province_code":"02","code":"0204","type":"SROK","khmer":"បវេល","english":"Bavel","commune":8,"sangkat":0,"village":101,"reference":"លេខ​៤៩៣​ប្រ.ក","official_note":"តាមប្រកាសរបស់ក្រសួងមហាផ្ទៃ","note_by_checker":null}
{"id":21,"province_code":"02","code":"0203","type":"KRONG","khmer":"បាត់ដំបង","english":"Battambang","commune":0,"sangkat":10,"village":62,"reference":"២២៣​អនក្រុ,បក","official_note":"ពីមុនជាស្រុកបាត់ដំបង ​ឥឡូវប្ដូរមកជាក្រុងបាត់ដំបង","note_by_checker":null}
{"id":22,"province_code":"02","code":"0202","type":"SROK","khmer":"ថ្មគោល","english":"Thma Koul","commune":10,"sangkat":0,"village":71,"reference":"លេខ​៤៩៣ប្រ.ក","official_note":"តាមប្រកាសរបស់ក្រសួងមហាផ្ទៃ","note_by_checker":null}
{"id":23,"province_code":"02","code":"0201","type":"SROK","khmer":"បាណន់","english":"Banan","commune":8,"sangkat":0,"village":76,"reference":"លេខ​៤៩៣​ប្រ.ក","official_note":null,"note_by_checker":null}
{"id":24,"province_code":"03","code":"0315","type":"SROK","khmer":"ស្ទឹងត្រង់","english":"Stueng Trang","commune":12,"sangkat":0,"village":96,"reference":"ប្រកាសលេខ ៤៩៣ប្រ.ក","official_note":null,"note_by_checker":null}
{"id":25,"province_code":"03","code":"0314","type":"SROK","khmer":"ស្រីសន្ធរ","english":"Srei Santhor","commune":14,"sangkat":0,"village":86,"reference":"អនុក្រឹត្យលេខ ២៣៤អនក្រ.បក","official_note":null,"note_by_checker":null}
{"id":26,"province_code":"03","code":"0313","type":"SROK","khmer":"ព្រៃឈរ","english":"Prey Chhor","commune":15,"sangkat":0,"village":176,"reference":"ប្រកាសលេខ ៤៩៣ប្រ.ក","official_note":null,"note_by_checker":null}
{"id":27,"province_code":"03","code":"0308","type":"SROK","khmer":"កោះសូទិន","english":"Kaoh Soutin","commune":8,"sangkat":0,"village":85,"reference":"ប្រកាសលេខ ៤៩៣ប្រ.ក","official_note":null,"note_by_checker":null}
{"id":28,"province_code":"03","code":"0307","type":"SROK","khmer":"កងមាស","english":"Kang Meas","commune":11,"sangkat":0,"village":93,"reference":"ប្រកាសលេខ ៤៩៣ ប្រ.ក","official_note":null,"note_by_checker":null}
{"id":29,"province_code":"03","code":"0306","type":"SROK","khmer":"កំពង់សៀម","english":"Kampong Siem","commune":15,"sangkat":0,"village":112,"reference":"ប្រកាសលេខ ៤៩៣ប្រ.ក","official_note":null,"note_by_checker":null}
{"id":30,"province_code":"03","code":"0305","type":"KRONG","khmer":"កំពង់ចាម","english":"Kampong Cham","commune":0,"sangkat":4,"village":32,"reference":"អនុក្រឹត្យលេខ ២៣០អនក្រ.បក","official_note":"អនុក្រឹត្យលេខ ២៣០អនក្រ.បក ស្តីពីការប្តូរស្រុកកំពង់ចាម ទៅជាក្រុងកំពង់ចាម","note_by_checker":null}
{"id":31,"province_code":"03","code":"0303","type":"SROK","khmer":"ជើងព្រៃ","english":"Cheung Prey","commune":10,"sangkat":0,"village":74,"reference":"ប្រកាសលេខ ៤៩៣ប្រ.ក","official_note":null,"note_by_checker":null}
{"id":32,"province_code":"03","code":"0302","type":"SROK","khmer":"ចំការលើ","english":"Chamkar Leu","commune":8,"sangkat":0,"village":83,"reference":"ប្រកាសលេខ ៤៩៣ ប្រ.ក","official_note":null,"note_by_checker":null}
{"id":33,"province_code":"03","code":"0301","type":"SROK","khmer":"បាធាយ","english":"Batheay","commune":12,"sangkat":0,"village":80,"reference":"ប្រកាសលេខ ៤៩៣ប្រ.ក","official_note":null,"note_by_checker":null}
{"id":34,"province_code":"04","code":"0408","type":"SROK","khmer":"ទឹកផុស","english":"Tuek Phos","commune":9,"sangkat":0,"village":78,"reference":"ប្រកាសលេខ ៤៩៣ប្រ.ក","official_note":null,"note_by_checker":null}
{"id":35,"province_code":"04","code":"0407","type":"SROK","khmer":"សាមគ្គីមានជ័យ","english":"Sameakki Mean Chey","commune":9,"sangkat":0,"village":90,"reference":"ប្រកាសលេខ៤៩៣ ប្រ.ក","official_note":null,"note_by_checker":null}
{"id":36,"province_code":"04","code":"0406","type":"SROK","khmer":"រលាប្អៀរ","english":"Rolea B'ier","commune":13,"sangkat":0,"village":135,"reference":"ប្រកាសលេខ៤៩៣ ប្រ.ក","official_note":null,"note_by_checker":null}
{"id":37,"province_code":"04","code":"0405","type":"SROK","khmer":"កំពង់ត្រឡាច","english":"Kampong Tralach","commune":10,"sangkat":0,"village":103,"reference":"ប្រកាសលេខ៤៩៣ ប្រ.ក","official_note":null,"note_by_checker":null}
{"id":38,"province_code":"04","code":"0404","type":"SROK","khmer":"កំពង់លែង","english":"Kampong Leaeng","commune":9,"sangkat":0,"village":44,"reference":"ប្រកាសលេខ៤៩៣ ប្រ.ក","official_note":null,"note_by_checker":null}
{"id":39,"province_code":"04","code":"0403","type":"KRONG","khmer":"កំពង់ឆ្នាំង","english":"Kampong Chhnang","commune":0,"sangkat":4,"village":26,"reference":"អនុក្រឹត្យលេខ២៣១ អនក្រ.បក","official_note":null,"note_by_checker":null}
{"id":40,"province_code":"04","code":"0402","type":"SROK","khmer":"ជលគីរី","english":"Chol Kiri","commune":5,"sangkat":0,"village":29,"reference":"ប្រកាសលេខ៤៩៣ ប្រ.ក","official_note":null,"note_by_checker":null}
{"id":41,"province_code":"04","code":"0401","type":"SROK","khmer":"បរិបូណ៌","english":"Baribour","commune":11,"sangkat":0,"village":64,"reference":"ប្រកាសលេខ៤៩៣ ប្រ.ក","official_note":null,"note_by_checker":null}
{"id":42,"province_code":"05","code":"0508","type":"SROK","khmer":"ថ្ពង","english":"Thpong","commune":7,"sangkat":0,"village":83,"reference":"លេខ​៤៩៣​ប្រ.ក","official_note":"តាមប្រកាសក្រសួងមហាផ្ទៃ","note_by_checker":null}
{"id":43,"province_code":"05","code":"0507","type":"SROK","khmer":"សំរោងទង","english":"Samraong Tong","commune":15,"sangkat":0,"village":289,"reference":"លេខ​៤៩៣​ប្រ.ក","official_note":"តាមប្រកាសក្រសួងមហាផ្ទៃ","note_by_checker":null}
{"id":44,"province_code":"05","code":"0506","type":"SROK","khmer":"ភ្នំស្រួច","english":"Phnum Sruoch","commune":12,"sangkat":0,"village":149,"reference":"លេខ​៤៩៣​ប្រ.ក","official_note":"តាមប្រកាសក្រសួងមហាផ្ទៃ","note_by_checker":null}
{"id":45,"province_code":"05","code":"0505","type":"SROK","khmer":"ឧដុង្គ","english":"Odongk","commune":15,"sangkat":0,"village":251,"reference":"លេខ​៤៩៣​ប្រ.ក","official_note":"តាមប្រកាសក្រសួងមហាផ្ទៃ","note_by_checker":null}
{"id":46,"province_code":"05","code":"0504","type":"SROK","khmer":"ឱរ៉ាល់","english":"Aoral","commune":5,"sangkat":0,"village":67,"reference":"លេខ​៤៩៣​ប្រ.ក","official_note":"តាមប្រកាសក្រសួងមហាផ្ទៃ","note_by_checker":null}
{"id":47,"province_code":"05","code":"0503","type":"SROK","khmer":"គងពិសី","english":"Kong Pisei","commune":13,"sangkat":0,"village":250,"reference":"លេខ​៤៩៣​ប្រ.ក","official_note":"តាមប្រកាសក្រសួងមហាផ្ទៃ","note_by_checker":null}
{"id":48,"province_code":"05","code":"0502","type":"KRONG","khmer":"ច្បារមន","english":"Chbar Mon","commune":0,"sangkat":5,"village":56,"reference":"អនុក្រឹត្យលេខ​ ២២៩ អនក្រ.បក","official_note":"ពីមុនជាស្រុកច្បារមន​ឥឡូវបានផ្តូរមនជាក្រុងច្បារមន","note_by_checker":null}
{"id":49,"province_code":"05","code":"0501","type":"SROK","khmer":"បរសេដ្ឋ","english":"Basedth","commune":15,"sangkat":0,"village":218,"reference":"លេខ​៤៩៣​ប្រ.ក","official_note":"តាមប្រកាសក្រសួងមហាផ្ទៃ","note_by_checker":null}
{"id":50,"province_code":"06","code":"0609","type":"SROK","khmer":"តាំងគោក","english":"Taing Kouk","commune":8,"sangkat":0,"village":91,"reference":"អនុក្រឹតលេខ០៥ អនក្រ.បក","official_note":"អនុក្រឹតលេខ០៥ អនក្រ.បក កាត់យក8ឃុំ ពីស្រុកបារាណ៌","note_by_checker":null}
{"id":51,"province_code":"06","code":"0608","type":"SROK","khmer":"ស្ទោង","english":"Stoung","commune":13,"sangkat":0,"village":135,"reference":"លេខប្រកាស ៤៩៣ ប្រ.ក","official_note":null,"note_by_checker":null}
{"id":52,"province_code":"06","code":"0607","type":"SROK","khmer":"សន្ទុក","english":"Santuk","commune":10,"sangkat":0,"village":92,"reference":"លេខប្រកាស ៤៩៣ ប្រ.ក","official_note":null,"note_by_checker":null}
{"id":53,"province_code":"06","code":"0606","type":"SROK","khmer":"សណ្ដាន់","english":"Sandan","commune":9,"sangkat":0,"village":84,"reference":"លេខប្រកាស ៤៩៣ ប្រ.ក","official_note":null,"note_by_checker":null}
{"id":54,"province_code":"06","code":"0605","type":"SROK","khmer":"ប្រាសាទសំបូរ","english":"Prasat Sambour","commune":5,"sangkat":0,"village":66,"reference":"លេខប្រកាស ៤៩៣ ប្រ.ក","official_note":null,"note_by_checker":null}
{"id":55,"province_code":"06","code":"0604","type":"SROK","khmer":"ប្រាសាទបល្ល័ង្គ","english":"Prasat Ballangk","commune":7,"sangkat":0,"village":64,"reference":"លេខប្រកាស ៤៩៣ ប្រ.ក","official_note":null,"note_by_checker":null}
{"id":56,"province_code":"06","code":"0603","type":"KRONG","khmer":"ស្ទឹងសែន","english":"Stueng Saen","commune":0,"sangkat":8,"village":39,"reference":"អនុក្រឹតលេខ ១៥ អនក្រ.បក","official_note":"កាលពីមុនជាស្រុកស្ទឹងសែនតាមប្រកាសលេខ ៤៩៣ ប្រ.ក ចុះថ្ងៃទី៣០ ខែមេសា ឆ្នាំ២០០១​ របស់ក្រសួងមហាផ្ទៃ បច្ចុន្បន្នជាក្រុងស្ទឹងសែនតាមអនុក្រឹតលេខ ១៥ អនក្រ.បក ចុះថ្ងៃទី០៩ ខែមករា ឆ្នាំ២០០៩។","note_by_checker":null}
{"id":57,"province_code":"06","code":"0602","type":"SROK","khmer":"កំពង់ស្វាយ","english":"Kampong Svay","commune":11,"sangkat":0,"village":97,"reference":"លេខប្រកាស ៤៩៣ ប្រ.ក","official_note":null,"note_by_checker":null}
{"id":58,"province_code":"06","code":"0601","type":"SROK","khmer":"បារាយណ៍","english":"Baray","commune":10,"sangkat":0,"village":97,"reference":"ប្រកាសលេខ ៤៩៣ប្រ.ក","official_note":null,"note_by_checker":null}
{"id":59,"province_code":"07","code":"0708","type":"KRONG","khmer":"កំពត","english":"Kampot","commune":0,"sangkat":5,"village":15,"reference":"អនុក្រឹត្យលេខ​ ២២១ អនក្រ.បក","official_note":"ត្រូវបានប្តូរស្រុកកំពង់បាយទៅជាក្រុងកំពត","note_by_checker":null}
{"id":60,"province_code":"07","code":"0707","type":"SROK","khmer":"ទឹកឈូ","english":"Tuek Chhou","commune":16,"sangkat":0,"village":66,"reference":"អនុក្រឹត្យលេខ​ ២២១ អនក្រ.បក","official_note":"ត្រូវបានប្តូរឈ្មោះស្រុកកំពតទៅជាស្រុកទឹកឈូរ","note_by_checker":null}
{"id":61,"province_code":"07","code":"0706","type":"SROK","khmer":"កំពង់ត្រាច","english":"Kampong Trach","commune":14,"sangkat":0,"village":69,"reference":"ប្រកាសលេខ ៤៩៣ ប្រ.ក របស់ក្រសួងមហាផ្ទៃ","official_note":null,"note_by_checker":null}
{"id":62,"province_code":"07","code":"0705","type":"SROK","khmer":"ដងទង់","english":"Dang Tong","commune":10,"sangkat":0,"village":54,"reference":"ប្រកាសលេខ ៤៩៣ ប្រ.ក របស់ក្រសួងមហាផ្ទៃ","official_note":null,"note_by_checker":null}
{"id":63,"province_code":"07","code":"0704","type":"SROK","khmer":"ជុំគិរី","english":"Chum Kiri","commune":7,"sangkat":0,"village":37,"reference":"ប្រកាសលេខ​ ៤៩៣​ ប្រ.ក របស់ក្រសួងមហាផ្ទៃ","official_note":null,"note_by_checker":null}
{"id":64,"province_code":"07","code":"0703","type":"SROK","khmer":"ឈូក","english":"Chhuk","commune":15,"sangkat":0,"village":80,"reference":"ប្រកាសលេខ ៤៩៣ ប្រ.ក  របស់ក្រសួងមហាផ្ទៃ","official_note":null,"note_by_checker":null}
{"id":65,"province_code":"07","code":"0702","type":"SROK","khmer":"បន្ទាយមាស","english":"Banteay Meas","commune":15,"sangkat":0,"village":88,"reference":"ប្រកាសលេខ ៤៩៣ ប្រ.ក  របស់ក្រសួងមហាផ្ទៃ","official_note":null,"note_by_checker":null}
{"id":66,"province_code":"07","code":"0701","type":"SROK","khmer":"អង្គរជ័យ","english":"Angkor Chey","commune":11,"sangkat":0,"village":79,"reference":"ប្រកាសលេខ៤៩៣​ ប្រ.ក  របស់ក្រសួងមហាផ្ទៃ","official_note":null,"note_by_checker":null}
{"id":67,"province_code":"08","code":"0811","type":"KRONG","khmer":"តាខ្មៅ","english":"Ta Khmau","commune":0,"sangkat":10,"village":59,"reference":"២២៨ អនក្រ.បក","official_note":"កាលពីមុនជាស្រុកតាខ្មៅតាមប្រកាសលេខ ៤៩៣ ប្រ.ក ចុះថ្ងៃទី៣០ ខែមេសា ឆ្នាំ២០០១​ របស់ក្រសួងមហាផ្ទៃ បច្ចុន្បន្នប្តូរជាក្រុងតាខ្មៅតាមអនុក្រឹតលេខ ២២៤ អនក្រ.បក ចុះថ្ងៃទី៣០ ខែធ្នូ ឆ្នាំ២០០៨។","note_by_checker":null}
{"id":68,"province_code":"08","code":"0810","type":"SROK","khmer":"ស្អាង","english":"S'ang","commune":12,"sangkat":0,"village":120,"reference":"លេខ ៤៩៣ ប្រ.ក","official_note":"តាមប្រកាសក្រសួងមហាផ្ទៃ","note_by_checker":null}
{"id":69,"province_code":"08","code":"0809","type":"SROK","khmer":"ពញាឮ","english":"Ponhea Lueu","commune":11,"sangkat":0,"village":124,"reference":"លេខ ៤៩​៣ ប្រ.ក","official_note":null,"note_by_checker":null}
{"id":70,"province_code":"08","code":"0808","type":"SROK","khmer":"អង្គស្នួល","english":"Angk Snuol","commune":10,"sangkat":0,"village":200,"reference":"លេខ ៤៩៣ ប្រ.ក","official_note":"តាមប្រកាសក្រសួងមហាផ្ទៃ","note_by_checker":null}
{"id":71,"province_code":"08","code":"0807","type":"SROK","khmer":"មុខកំពូល","english":"Mukh Kampul","commune":7,"sangkat":0,"village":39,"reference":"លេខ ៤៩៣ ប្រ.ក","official_note":"តាមប្រកាសក្រសួងមហាផ្ទៃ","note_by_checker":null}
{"id":72,"province_code":"08","code":"0806","type":"SROK","khmer":"ល្វាឯម","english":"Lvea Aem","commune":15,"sangkat":0,"village":43,"reference":"លេខ ៤៩៣ ប្រ.ក","official_note":"តាមប្រកាសក្រសួងមហាផ្ទៃ","note_by_checker":null}
{"id":73,"province_code":"08","code":"0805","type":"SROK","khmer":"លើកដែក","english":"Leuk Daek","commune":7,"sangkat":0,"village":25,"reference":"លេខ​ ៤៩៣ ប្រ.ក","official_note":"តាមប្រកាសក្រសួងមហាផ្ទៃ","note_by_checker":null}
{"id":74,"province_code":"08","code":"0804","type":"SROK","khmer":"កោះធំ","english":"Kaoh Thum","commune":11,"sangkat":0,"village":113,"reference":"តាមប្រកាសលេខ ៤៩៣ ប្រ.ក","official_note":"ប្រកាសរបស់ក្រសួងមហាផ្ទៃ","note_by_checker":null}
{"id":75,"province_code":"08","code":"0803","type":"SROK","khmer":"ខ្សាច់កណ្ដាល","english":"Khsach Kandal","commune":18,"sangkat":0,"village":93,"reference":"លេខ ៤៩៣ ប្រ.ក","official_note":"តាមប្រកាសក្រសួងមហាផ្ទៃ","note_by_checker":null}
{"id":76,"province_code":"08","code":"0802","type":"SROK","khmer":"កៀនស្វាយ","english":"Kien Svay","commune":8,"sangkat":0,"village":67,"reference":"លេខ ៤៩៣ ប្រ.ក","official_note":"តាមប្រកាសក្រសួងមហាផ្ទៃ","note_by_checker":null}
{"id":77,"province_code":"08","code":"0801","type":"SROK","khmer":"កណ្ដាលស្ទឹង","english":"Kandal Stueng","commune":18,"sangkat":0,"village":127,"reference":"លេខ ៤៩៣ ប្រ.ក","official_note":"តាមប្រកាសក្រសួងមហាផ្ទៃ","note_by_checker":null}
{"id":78,"province_code":"09","code":"0907","type":"SROK","khmer":"ថ្មបាំង","english":"Thma Bang","commune":6,"sangkat":0,"village":17,"reference":"ប្រកាសលេខ​ ៤៩៣ ប្រ.ក  របស់ក្រសួងមហាផ្ទៃ","official_note":null,"note_by_checker":null}
{"id":79,"province_code":"09","code":"0906","type":"SROK","khmer":"ស្រែ អំបិល","english":"Srae Ambel","commune":6,"sangkat":0,"village":37,"reference":"ប្រកាសលេខ​ ៤៩៣ ប្រ.ក  របស់ក្រសួងមហាផ្ទៃ","official_note":null,"note_by_checker":null}
{"id":80,"province_code":"09","code":"0905","type":"SROK","khmer":"មណ្ឌលសីមា","english":"Mondol Seima","commune":3,"sangkat":0,"village":13,"reference":"ប្រកាសលេខ​ ៤៩៣ ប្រ.ក របស់ក្រសួងមហាផ្ទៃ","official_note":null,"note_by_checker":null}
{"id":81,"province_code":"09","code":"0904","type":"KRONG","khmer":"ខេមរភូមិន្ទ","english":"Khemara Phoumin","commune":0,"sangkat":3,"village":11,"reference":"អនុក្រឹត្យលេខ ២២២​ អនុក្រ.បក","official_note":"ត្រូវបានប្តូរស្រុលស្មាច់មានជ័យទៅជាក្រុងខេមរភូមិន្ទ","note_by_checker":null}
{"id":82,"province_code":"09","code":"0903","type":"SROK","khmer":"កោះកុង","english":"Kaoh Kong","commune":4,"sangkat":0,"village":11,"reference":"ប្រកាសលេខ​ ៤៩៣ ប្រ.ក របស់ក្រសួងមហាផ្ទៃ","official_note":null,"note_by_checker":null}
{"id":83,"province_code":"09","code":"0902","type":"SROK","khmer":"គិរីសាគរ","english":"Kiri Sakor","commune":3,"sangkat":0,"village":9,"reference":"ប្រកាសលេខ ៤៩៣ ប្រ.ក របស់ក្រសួងមហាផ្ទៃ","official_note":null,"note_by_checker":null}
{"id":84,"province_code":"09","code":"0901","type":"SROK","khmer":"បុទុមសាគរ","english":"Botum Sakor","commune":4,"sangkat":0,"village":21,"reference":"ប្រកាសលេខ ៤៩៣ ប្រ.ក របស់ក្រសួងមហាផ្ទៃ","official_note":null,"note_by_checker":null}
{"id":85,"province_code":"10","code":"1006","type":"SROK","khmer":"ចិត្របុរី","english":"Chetr Borei","commune":10,"sangkat":0,"village":61,"reference":"អនុក្រឹតលេខ ១០ អនក្រ.បក","official_note":"កាលពីមុនជាស្រុកក្រចេះតាមប្រកាសលេខ ៤៩៣ ប្រ.ក ចុះថ្ងៃទី៣០ ខែមេសា ឆ្នាំ២០០១​ របស់ក្រសួងមហាផ្ទៃ បច្ចុន្បន្នជាស្រុកចិត្របុរីតាមអនុក្រឹតលេខ ១០ អនក្រ.បក ចុះថ្ងៃទី០៩ ខែមករា ឆ្នាំ២០០៩។","note_by_checker":null}
{"id":86,"province_code":"10","code":"1005","type":"SROK","khmer":"ស្នួល","english":"Snuol","commune":6,"sangkat":0,"village":40,"reference":"ប្រកាសលេខ ៤៩៣ ប្រ.ក","official_note":null,"note_by_checker":null}
{"id":87,"province_code":"10","code":"1004","type":"SROK","khmer":"សំបូរ","english":"Sambour","commune":10,"sangkat":0,"village":52,"reference":"ប្រកាសលេខ ៤៩៣ ប្រ.ក","official_note":null,"note_by_checker":null}
{"id":88,"province_code":"10","code":"1003","type":"SROK","khmer":"ព្រែកប្រសព្វ","english":"Prek Prasab","commune":8,"sangkat":0,"village":48,"reference":"ប្រកាសលេខ ៤៩៣ ប្រ.ក","official_note":null,"note_by_checker":null}
{"id":89,"province_code":"10","code":"1002","type":"KRONG","khmer":"ក្រចេះ","english":"Kracheh","commune":0,"sangkat":5,"village":16,"reference":"អនុក្រឹតលេខ ១០ អនក្រ.បក","official_note":"កាលពីមុនជាស្រុកក្រចេះតាមប្រកាសលេខ ៤៩៣ ប្រ.ក ចុះថ្ងៃទី៣០ ខែមេសា ឆ្នាំ២០០១​ របស់ក្រសួងមហាផ្ទៃ បច្ចុន្បន្នជាក្រុងក្រចេះតាមអនុក្រឹតលេខ ១០ អនក្រ.បក ចុះថ្ងៃទី០៩ ខែមករា ឆ្នាំ២០០៩។","note_by_checker":null}
{"id":90,"province_code":"10","code":"1001","type":"SROK","khmer":"ឆ្លូង","english":"Chhloung","commune":8,"sangkat":0,"village":41,"reference":"ប្រកាសលេខ ៤៩៣ ប្រ.ក","official_note":null,"note_by_checker":null}
{"id":91,"province_code":"11","code":"1105","type":"KRONG","khmer":"សែនមនោរម្យ","english":"Saen Monourom","commune":0,"sangkat":4,"village":14,"reference":"អនុក្រឹតលេខ ២២៦ អនក្រ.បក","official_note":"កាលពីមុនជាស្រុកសែនមនោរម្យតាមប្រកាសលេខ ៤៩៣ ប្រ.ក ចុះថ្ងៃទី៣០ ខែមេសា ឆ្នាំ២០០១​ របស់ក្រសួងមហាផ្ទៃ បច្ចុន្បន្នជាក្រុងសែនមនោរម្យតាមអនុក្រឹតលេខ ២២៦ អនក្រ.បក ចុះថ្ងៃទី៣០ ខែធ្នូ ឆ្នាំ២០០៨។","note_by_checker":null}
{"id":92,"province_code":"11","code":"1104","type":"SROK","khmer":"ពេជ្រាដា","english":"Pech Chreada","commune":4,"sangkat":0,"village":18,"reference":"ប្រកាសលេខ ៤៩៣ ប្រ.ក","official_note":null,"note_by_checker":null}
{"id":93,"province_code":"11","code":"1103","type":"SROK","khmer":"អូររាំង","english":"Ou Reang","commune":2,"sangkat":0,"village":7,"reference":"ប្រកាសលេខ ៤៩៣ ប្រ.ក","official_note":null,"note_by_checker":null}
{"id":94,"province_code":"11","code":"1102","type":"SROK","khmer":"កោះញែក","english":"Kaoh Nheaek","commune":6,"sangkat":0,"village":26,"reference":"ប្រកាសលេខ ៤៩៣ ប្រ.ក","official_note":null,"note_by_checker":null}
{"id":95,"province_code":"11","code":"1101","type":"SROK","khmer":"កែវសីមា","english":"Kaev Seima","commune":5,"sangkat":0,"village":27,"reference":"ប្រកាសលេខ ៤៩៣ ប្រ.ក","official_note":null,"note_by_checker":null}
{"id":96,"province_code":"12","code":"1214","type":"KHAN","khmer":"កំបូល","english":"Kamboul","commune":0,"sangkat":7,"village":93,"reference":"អនុក្រឹត្យលេខ០៤ អនក្រ.បក","official_note":"កាត់យកសង្កាត់ចំនួន៦ពីខណ្ណពោធិសែនជ័យ","note_by_checker":null}
{"id":97,"province_code":"12","code":"1213","type":"KHAN","khmer":"បឹងកេងកង","english":"Boeng Keng Kang","commune":0,"sangkat":7,"village":55,"reference":"អនុក្រឹត្យលេខ០៣ អនក្រ.បក","official_note":"កាត់យកសង្កាត់ចំនួន៧ពីខណ្ណចំការម​ន","note_by_checker":null}
{"id":98,"province_code":"12","code":"1212","type":"KHAN","khmer":"ច្បារអំពៅ","english":"Chbar Ampov","commune":0,"sangkat":8,"village":49,"reference":"អនុក្រឹត្យលេខ៥៧៩ អនក្រ.បក","official_note":"អនុក្រឹត្យស្តីពីការបង្កើតខណ្ឌថ្មី","note_by_checker":null}
{"id":99,"province_code":"12","code":"1211","type":"KHAN","khmer":"ព្រែកព្នៅ","english":"Praek Pnov","commune":0,"sangkat":5,"village":59,"reference":"អនុក្រឹត្យលេខ៥៧៨ អនក្រ.បក","official_note":"អនុក្រឹត្យស្តីពីការបង្កើតខណ្ឌថ្មី","note_by_checker":null}
{"id":100,"province_code":"12","code":"1210","type":"KHAN","khmer":"ជ្រោយចង្វារ","english":"Chraoy Chongvar","commune":0,"sangkat":5,"village":22,"reference":"អនុក្រឹត្យលេខ៥៧៧ អនក្រ.បក","official_note":"អនុក្រឹត្យស្តីពីការបង្កើតខណ្ឌថ្មី","note_by_checker":null}
{"id":101,"province_code":"12","code":"1209","type":"KHAN","khmer":"ពោធិ៍សែនជ័យ","english":"Pur SenChey","commune":0,"sangkat":7,"village":75,"reference":"អនុក្រិតលេខ៨០","official_note":"បង្កើតខណ្ឌថ្មី","note_by_checker":null}
{"id":102,"province_code":"12","code":"1208","type":"KHAN","khmer":"សែនសុខ","english":"Saensokh","commune":0,"sangkat":6,"village":47,"reference":"អនុក្រឹត្យលេខ០៣ អនក្រ.បក","official_note":null,"note_by_checker":null}
{"id":103,"province_code":"12","code":"1207","type":"KHAN","khmer":"ឫស្សីកែវ","english":"Russey Keo","commune":0,"sangkat":7,"village":30,"reference":"ប្រកាសលេខ៤៩៣ ប្រ.ក","official_note":"ប្ដូរពីRusuessei Kaev ទៅ Russey Keo","note_by_checker":null}
{"id":104,"province_code":"12","code":"1206","type":"KHAN","khmer":"មានជ័យ","english":"Mean Chey","commune":0,"sangkat":7,"village":59,"reference":"ប្រកាសលេខ ៤៩៣ ប្រ.ក","official_note":null,"note_by_checker":null}
{"id":105,"province_code":"12","code":"1205","type":"KHAN","khmer":"ដង្កោ","english":"Dangkao","commune":0,"sangkat":12,"village":81,"reference":"ប្រកាសលេខ ៤៩៣ ប្រ.ក","official_note":null,"note_by_checker":null}
{"id":106,"province_code":"12","code":"1204","type":"KHAN","khmer":"ទួលគោក","english":"Tuol Kouk","commune":0,"sangkat":10,"village":143,"reference":"ប្រកាសលេខ ៤៩៣ ប្រ.ក","official_note":null,"note_by_checker":null}
{"id":107,"province_code":"12","code":"1203","type":"KHAN","khmer":"៧មករា","english":"Prampir Meakkakra","commune":0,"sangkat":8,"village":66,"reference":"ប្រកាសលេខ ៤៩៣ ប្រ.ក","official_note":null,"note_by_checker":null}
{"id":108,"province_code":"12","code":"1202","type":"KHAN","khmer":"ដូនពេញ","english":"Doun Penh","commune":0,"sangkat":11,"village":134,"reference":"ប្រកាសលេខ ៤៩៣ ប្រ.ក","official_note":null,"note_by_checker":null}
{"id":109,"province_code":"12","code":"1201","type":"KHAN","khmer":"ចំការមន","english":"Chamkar Mon","commune":0,"sangkat":5,"village":40,"reference":"ប្រកាសលេខ៤៩៣ ប្រ.ក","official_note":null,"note_by_checker":null}
{"id":110,"province_code":"13","code":"1308","type":"KRONG","khmer":"ព្រះវិហារ","english":"Preah Vihear","commune":0,"sangkat":2,"village":20,"reference":"អនុក្រឹតលេខ ១១ អនក្រ.បក","official_note":"កាលពីមុនជាស្រុកត្បែងមានជ័យតាមប្រកាសលេខ ៤៩៣ ប្រ.ក ចុះថ្ងៃទី៣០ ខែមេសា ឆ្នាំ២០០១​ របស់ក្រសួងមហាផ្ទៃ បច្ចុន្បន្នជាក្រុងព្រះវិហារតាមអនុក្រឹតលេខ ១១ អនក្រ.បក ចុះថ្ងៃទី០៩ ខែមករា ឆ្នាំ២០០៩។","note_by_checker":null}
{"id":111,"province_code":"13","code":"1307","type":"SROK","khmer":"ត្បែងមានជ័យ","english":"Tbaeng Mean Chey","commune":4,"sangkat":0,"village":12,"reference":"លេខប្រកាស ៤៩៣ ប្រ.ក","official_note":null,"note_by_checker":null}
{"id":112,"province_code":"13","code":"1306","type":"SROK","khmer":"សង្គមថ្មី","english":"Sangkum Thmei","commune":5,"sangkat":0,"village":24,"reference":"លេខប្រកាស ៤៩៣ ប្រ.ក","official_note":null,"note_by_checker":null}
{"id":113,"province_code":"13","code":"1305","type":"SROK","khmer":"រវៀង","english":"Rovieng","commune":12,"sangkat":0,"village":57,"reference":"លេខប្រកាស ៤៩៣ ប្រ.ក","official_note":null,"note_by_checker":null}
{"id":114,"province_code":"13","code":"1304","type":"SROK","khmer":"គូលែន","english":"Kuleaen","commune":6,"sangkat":0,"village":23,"reference":"លេខប្រកាស ៤៩៣ ប្រ.ក","official_note":null,"note_by_checker":null}
{"id":115,"province_code":"13","code":"1303","type":"SROK","khmer":"ជាំក្សាន្ដ","english":"Choam Ksant","commune":8,"sangkat":0,"village":49,"reference":"លេខប្រកាស ៤៩៣ ប្រ.ក","official_note":null,"note_by_checker":null}
{"id":116,"province_code":"13","code":"1302","type":"SROK","khmer":"ឆែប","english":"Chhaeb","commune":8,"sangkat":0,"village":26,"reference":"លេខប្រកាស ៤៩៣ ប្រ.ក","official_note":null,"note_by_checker":null}
{"id":117,"province_code":"13","code":"1301","type":"SROK","khmer":"ជ័យសែន","english":"Chey Saen","commune":6,"sangkat":0,"village":21,"reference":"លេខប្រកាស ៤៩៣ ប្រ.ក","official_note":null,"note_by_checker":null}
{"id":118,"province_code":"14","code":"1413","type":"SROK","khmer":"ស្វាយអន្ទរ","english":"Svay Antor","commune":11,"sangkat":0,"village":138,"reference":"០៩ អនក្រ.បក","official_note":"ពីមុនជាស្រុកព្រៃវែង តែឥលូវត្រូវបានប្តូរទៅជាស្រុកស្វាយអន្ទរតាមអនុក្រឹងលេខ ០៩អនក្រ.បក","note_by_checker":null}
{"id":119,"province_code":"14","code":"1412","type":"SROK","khmer":"ស៊ីធរកណ្ដាល","english":"Sithor Kandal","commune":11,"sangkat":0,"village":60,"reference":"លេខ​៤៩៣​ប្រ.ក","official_note":"តាមប្រកាសរបស់ក្រសួងមហាផ្ទៃលេខ ៤៩៣ ចុះថ្ងៃទី៣០ ខែមេសា ឆ្នាំ២០០១","note_by_checker":null}
{"id":120,"province_code":"14","code":"1411","type":"SROK","khmer":"ពោធិ៍រៀង","english":"Pur Rieng","commune":6,"sangkat":0,"village":31,"reference":"លេខ ៤៩៣ ប្រ.ក","official_note":"តាមប្រកាសរបស់ក្រសួងមហាផ្ទៃលេខ ៤៩៣ ប្រ.ក ចុះថ្ងៃទី៣០ ខែមេសា ឆ្នាំ២០០១ and Sub-Degree 172 on 25 July 2011 - Change from Kampong Leav កំពង់លាវ","note_by_checker":null}
{"id":121,"province_code":"14","code":"1410","type":"KRONG","khmer":"ព្រៃវែង","english":"Prey Veng","commune":0,"sangkat":4,"village":23,"reference":"០៩ អនក្រ.បក","official_note":"ពីមុនជាស្រុកព្រៃវែងតាមប្រកាសរបស់ក្រសួងមហាផ្ទៃលេខ ៤៩៣ ប្រ.ក ចុះថ្ថៃទី៣០ ខែមេសា ឆ្នាំ២០០១ ប៉ុន្តៃបច្ចុន្បន្នប្ដូរទៅជាក្រុងព្រៃវែង","note_by_checker":null}
{"id":122,"province_code":"14","code":"1409","type":"SROK","khmer":"ព្រះស្ដេច","english":"Preah Sdach","commune":11,"sangkat":0,"village":145,"reference":"លេខ​៤៩៣​ប្រ.ក","official_note":"តាមប្រកាសរបស់ក្រសួងមហាផ្ទៃលេខ ៤៩៣ ប្រ.ក ចុះថ្ងៃទី៣០ ខែមេសា ឆ្នាំ២០០១","note_by_checker":null}
{"id":123,"province_code":"14","code":"1408","type":"SROK","khmer":"ពារាំង","english":"Pea Reang","commune":9,"sangkat":0,"village":83,"reference":"តាមប្រកាសលេខ ៤៩៣ ប្រ.ក","official_note":"តាមប្រកាសរបស់ក្រសួងមហាផ្ទៃលេខ ៤៩៣ ប្រ.ក ចុះថ្ងៃទី៣០ ខែមេសា ឆ្នាំ២០០១","note_by_checker":null}
{"id":124,"province_code":"14","code":"1407","type":"SROK","khmer":"ពាមរក៍","english":"Peam Ro","commune":8,"sangkat":0,"village":43,"reference":"លេខ​៤៩៣​ប្រ.ក","official_note":"តាមប្រកាសរបស់ក្រសួងមហាផ្ទៃលេខ ៤៩៣ ចុះថ្ងៃទី៣០ ខែមេសា ឆ្នាំ២០០១","note_by_checker":null}
{"id":125,"province_code":"14","code":"1406","type":"SROK","khmer":"ពាមជរ","english":"Peam Chor","commune":10,"sangkat":0,"village":50,"reference":"លេខ ៤៩៣ ប្រ.ក","official_note":"តាមប្រកាសរបស់ក្រសួងមហាផ្ទៃលេខ ៤៩៣ ចុះថ្ងៃទី៣០ ខែមេសា ឆ្នាំ២០០១","note_by_checker":null}
{"id":126,"province_code":"14","code":"1405","type":"SROK","khmer":"មេសាង","english":"Me Sang","commune":8,"sangkat":0,"village":118,"reference":"លេខ​៤៩៣​ប្រ.ក","official_note":"តាមប្រកាសរបស់ក្រសួងមហាផ្ទៃលេខ ៤៩៣ ចុះថ្ងៃទី៣០ ខែមេសា ឆ្នាំ២០០១","note_by_checker":null}
{"id":127,"province_code":"14","code":"1404","type":"SROK","khmer":"កញ្ជ្រៀច","english":"Kanhchriech","commune":8,"sangkat":0,"village":99,"reference":"លេខ​៤៩៣​ប្រ.ក","official_note":"តាមប្រកាសរបស់ក្រសួងមហាផ្ទៃលេខ ៤៩៣ ចុះថ្ងៃទី៣០ ខែមេសា ឆ្នាំ២០០១","note_by_checker":null}
{"id":128,"province_code":"14","code":"1403","type":"SROK","khmer":"កំពង់ត្របែក","english":"Kampong Trabaek","commune":13,"sangkat":0,"village":122,"reference":"លេខ​៤៩៣​ប្រ.ក","official_note":"តាមប្រកាសក្រសួងមហាផ្ទៃលេខ ៤៩៣ ប្រ.ក ចុះថ្ងៃទី៣០ ខែមេសា ឆ្នាំ២០០១","note_by_checker":null}
{"id":129,"province_code":"14","code":"1402","type":"SROK","khmer":"កំចាយមារ","english":"Kamchay Mear","commune":8,"sangkat":0,"village":129,"reference":"លេខ​៤៩៣​ប្រ.ក","official_note":"តាមប្រកាសរបស់ក្រសួងមហាផ្ទៃលេខ ៤៩៣ ប្រ.ក ចុះថ្ងៃទី៣០ ខែមេសា ឆ្នាំ២០០១","note_by_checker":null}
{"id":130,"province_code":"14","code":"1401","type":"SROK","khmer":"បាភ្នំ","english":"Ba Phnum","commune":9,"sangkat":0,"village":108,"reference":"ប្រកាសលេខ ៤៩៣ ប្រ.ក","official_note":"តាមប្រកាសរបស់ក្រសួងមហាផ្ទៃលេខ​ ៤៩៣​ ប្រ.ក​ចុះថ្ងៃទី៣០ ​ខែមេសា​ឆ្នាំ២០០១","note_by_checker":null}
{"id":131,"province_code":"15","code":"1507","type":"SROK","khmer":"តាលោសែនជ័យ","english":"Ta Lou Senchey","commune":2,"sangkat":0,"village":35,"reference":"អនុក្រឹត្យលេខ ០៧ អនក្រ.បក","official_note":"កាត់យកឃុំ២ ពីស្រុកបាកាន និងស្រុកភ្នំក្រវ៉ាញ","note_by_checker":null}
{"id":132,"province_code":"15","code":"1506","type":"SROK","khmer":"វាលវែង","english":"Veal Veaeng","commune":5,"sangkat":0,"village":20,"reference":"លេខ​៤៩៣​ប្រ.ក","official_note":"តាមប្រកាសរបស់ក្រសួងមហាផ្ទៃ","note_by_checker":null}
{"id":133,"province_code":"15","code":"1505","type":"KRONG","khmer":"ពោធិ៍សាត់","english":"Pursat","commune":0,"sangkat":7,"village":66,"reference":"លេខ​ ១៤​ អនក្រ.បក","official_note":"ស្តីពីការកែសម្រួលព្រំប្រទល់រដ្ឋបាល​និងការប្តូរស្រុកសំពៅមាស​ទៅជាក្រុងពោធិសាត់","note_by_checker":null}
{"id":134,"province_code":"15","code":"1504","type":"SROK","khmer":"ភ្នំក្រវ៉ាញ","english":"Phnum Kravanh","commune":6,"sangkat":0,"village":44,"reference":"លេខ​៤៩៣​ប្រ.ក","official_note":"តាមប្រកាសរបស់ក្រសួងមហាផ្ទៃ","note_by_checker":null}
{"id":135,"province_code":"15","code":"1503","type":"SROK","khmer":"ក្រគរ","english":"Krakor","commune":11,"sangkat":0,"village":105,"reference":"លេខ​៤៩៣​ប្រ.ក","official_note":"តាមប្រកាសរបស់ក្រសួងមហាផ្ទៃ","note_by_checker":null}
{"id":136,"province_code":"15","code":"1502","type":"SROK","khmer":"កណ្ដៀង","english":"Kandieng","commune":9,"sangkat":0,"village":110,"reference":"លេខ​៤៩៣​ប្រ.ក","official_note":"តាមប្រកាសរបស់ក្រសួងមហាផ្ទៃ","note_by_checker":null}
{"id":137,"province_code":"15","code":"1501","type":"SROK","khmer":"បាកាន","english":"Bakan","commune":9,"sangkat":0,"village":131,"reference":"លេខ​៤៩៣​ប្រ.ក","official_note":"តាមប្រកាសរបស់ក្រសួងមហាផ្ទៃ\n","note_by_checker":null}
{"id":138,"province_code":"16","code":"1609","type":"SROK","khmer":"វើនសៃ","english":"Veun Sai","commune":9,"sangkat":0,"village":34,"reference":"ប្រកាសលេខ ៤៩៣ ប្រ.ក","official_note":null,"note_by_checker":null}
{"id":139,"province_code":"16","code":"1608","type":"SROK","khmer":"តាវែង","english":"Ta Veaeng","commune":2,"sangkat":0,"village":20,"reference":"ប្រកាសលេខ ៤៩៣ ប្រ.ក","official_note":null,"note_by_checker":null}
{"id":140,"province_code":"16","code":"1607","type":"SROK","khmer":"អូរយ៉ាដាវ","english":"Ou Ya Dav","commune":7,"sangkat":0,"village":29,"reference":"ប្រកាសលេខ ៤៩៣ ប្រ.ក","official_note":null,"note_by_checker":null}
{"id":141,"province_code":"16","code":"1606","type":"SROK","khmer":"អូរជុំ","english":"Ou Chum","commune":7,"sangkat":0,"village":37,"reference":"ប្រកាសលេខ ៤៩៣ ប្រ.ក","official_note":null,"note_by_checker":null}
{"id":142,"province_code":"16","code":"1605","type":"SROK","khmer":"លំផាត់","english":"Lumphat","commune":6,"sangkat":0,"village":26,"reference":"ប្រកាសលេខ ៤៩៣ ប្រ.ក","official_note":null,"note_by_checker":null}
{"id":143,"province_code":"16","code":"1604","type":"SROK","khmer":"កូនមុំ","english":"Koun Mom","commune":6,"sangkat":0,"village":23,"reference":"ប្រកាសលេខ ៤៩៣ ប្រ.ក","official_note":null,"note_by_checker":null}
{"id":144,"province_code":"16","code":"1603","type":"SROK","khmer":"បរកែវ","english":"Bar Kaev","commune":6,"sangkat":0,"village":34,"reference":"ប្រកាសលេខ ៤៩៣ ប្រ.ក","official_note":null,"note_by_checker":null}
{"id":145,"province_code":"16","code":"1602","type":"KRONG","khmer":"បានលុង","english":"Ban Lung","commune":0,"sangkat":4,"village":19,"reference":"អនុក្រឹត្យលេខ ២២៧ អនក្រ.បក","official_note":null,"note_by_checker":null}
{"id":146,"province_code":"16","code":"1601","type":"SROK","khmer":"អណ្ដូងមាស","english":"Andoung Meas","commune":3,"sangkat":0,"village":21,"reference":null,"official_note":null,"note_by_checker":null}
{"id":147,"province_code":"17","code":"1714","type":"SROK","khmer":"វ៉ារិន","english":"Varin","commune":5,"sangkat":0,"village":25,"reference":null,"official_note":null,"note_by_checker":null}
{"id":148,"province_code":"17","code":"1713","type":"SROK","khmer":"ស្វាយលើ","english":"Svay Leu","commune":5,"sangkat":0,"village":34,"reference":null,"official_note":null,"note_by_checker":null}
{"id":149,"province_code":"17","code":"1712","type":"SROK","khmer":"ស្រីស្នំ","english":"Srei Snam","commune":6,"sangkat":0,"village":39,"reference":"លេខ ៤៩៣ ប្រ.ក","official_note":null,"note_by_checker":null}
{"id":150,"province_code":"17","code":"1711","type":"SROK","khmer":"សូទ្រនិគម","english":"Soutr Nikom","commune":10,"sangkat":0,"village":113,"reference":"លេខ ៤៩៣ ប្រ.ក","official_note":null,"note_by_checker":null}
{"id":151,"province_code":"17","code":"1710","type":"KRONG","khmer":"សៀមរាប","english":"Siem Reap","commune":0,"sangkat":12,"village":99,"reference":"អនុក្រឹតលេខ ១៣ អនក្រ.បក","official_note":"កាលពីមុនជាស្រុកសៀមរាបតាមប្រកាសលេខ ៤៩៣ ប្រ.ក ចុះថ្ងៃទី៣០ ខែមេសា ឆ្នាំ២០០១​ របស់ក្រសួងមហាផ្ទៃ បច្ចុន្បន្នជាក្រុងសៀមរាបតាមអនុក្រឹតលេខ ១៣ អនក្រ.បក ចុះថ្ងៃទី០៩ ខែមករា ឆ្នាំ២០០៩។","note_by_checker":null}
{"id":152,"province_code":"17","code":"1709","type":"SROK","khmer":"ប្រាសាទបាគង","english":"Prasat Bakong","commune":9,"sangkat":0,"village":67,"reference":null,"official_note":null,"note_by_checker":null}
{"id":153,"province_code":"17","code":"1707","type":"SROK","khmer":"ពួក","english":"Puok","commune":14,"sangkat":0,"village":132,"reference":null,"official_note":null,"note_by_checker":null}
{"id":154,"province_code":"17","code":"1706","type":"SROK","khmer":"ក្រឡាញ់","english":"Kralanh","commune":10,"sangkat":0,"village":98,"reference":null,"official_note":null,"note_by_checker":null}
{"id":155,"province_code":"17","code":"1704","type":"SROK","khmer":"ជីក្រែង","english":"Chi Kraeng","commune":12,"sangkat":0,"village":155,"reference":null,"official_note":null,"note_by_checker":null}
{"id":156,"province_code":"17","code":"1703","type":"SROK","khmer":"បន្ទាយស្រី","english":"Banteay Srei","commune":6,"sangkat":0,"village":36,"reference":null,"official_note":null,"note_by_checker":null}
{"id":157,"province_code":"17","code":"1702","type":"SROK","khmer":"អង្គរធំ","english":"Angkor Thum","commune":4,"sangkat":0,"village":25,"reference":null,"official_note":null,"note_by_checker":null}
{"id":158,"province_code":"17","code":"1701","type":"SROK","khmer":"អង្គរជុំ","english":"Angkor Chum","commune":7,"sangkat":0,"village":86,"reference":null,"official_note":null,"note_by_checker":null}
{"id":159,"province_code":"18","code":"1805","type":"KRONG","khmer":"កោះរ៉ុង","english":"Kaoh Rung","commune":0,"sangkat":2,"village":4,"reference":"អនុក្រឹត្យលេខ០២អនក្រ.បក","official_note":"បង្កើតក្រុងថ្មីដោយយក២សង្កាត់ពីក្រុងព្រះសីហនុ","note_by_checker":null}
{"id":160,"province_code":"18","code":"1804","type":"SROK","khmer":"កំពង់សីលា","english":"Kampong Seila","commune":4,"sangkat":0,"village":14,"reference":"ព្រះរាជក្រឹត្យលេខ នស/រកត/១២០៨/១៣៨៥","official_note":"ត្រូវបានកាត់ស្រុកកំពង់សីលាទាំងមូលឱ្យមកខេត្តព្រះសីហនុ","note_by_checker":null}
{"id":161,"province_code":"18","code":"1803","type":"SROK","khmer":"ស្ទឹងហាវ","english":"Stueng Hav","commune":4,"sangkat":0,"village":13,"reference":"អនុក្រឹត្យលេខ ០៧ អនក្រ.បក","official_note":"ត្រូវបានប្តូរខណ្ឌស្ទឹងហាវទៅជាស្រុកស្ទឹងហាវ","note_by_checker":null}
{"id":162,"province_code":"18","code":"1802","type":"SROK","khmer":"ព្រៃនប់","english":"Prey Nob","commune":15,"sangkat":0,"village":65,"reference":"អនុក្រឹត្យលេខ ០៧ អនក្រ.បក","official_note":"ត្រូវបានប្តូរខណ្ឌព្រៃនប់ទៅជាស្រុកព្រៃនប់","note_by_checker":null}
{"id":163,"province_code":"18","code":"1801","type":"KRONG","khmer":"ព្រះសីហនុ","english":"Preah Sihanouk","commune":0,"sangkat":4,"village":15,"reference":"អនុក្រឹត្យលេខ ០៧ អនក្រ.បក","official_note":"ត្រួវបានប្តូរឈ្មោះខណ្ឌមិត្តភាព ទៅជាក្រុងព្រះសីហនុ","note_by_checker":null}
{"id":164,"province_code":"19","code":"1906","type":"SROK","khmer":"បុរីអូរស្វាយសែនជ័យ","english":"Borei Ou Svay Senchey","commune":3,"sangkat":0,"village":18,"reference":"អនុក្រឹត្យលេខ០៦ អនក្រ.បក","official_note":"កាត់យកឃុំ៣ពីស្រុកថាឡាបរិវ៉ាត់","note_by_checker":null}
{"id":165,"province_code":"19","code":"1905","type":"SROK","khmer":"ថាឡាបរិវ៉ាត់","english":"Thala Barivat","commune":8,"sangkat":0,"village":27,"reference":"ប្រកាសលេខ ៤៩៣ ប្រ.ក","official_note":null,"note_by_checker":null}
{"id":166,"province_code":"19","code":"1904","type":"KRONG","khmer":"ស្ទឹងត្រែង","english":"Stueng Traeng","commune":0,"sangkat":4,"village":17,"reference":"អនុក្រឹត្យលេខ២២៤ អនក្រ.បក","official_note":null,"note_by_checker":null}
{"id":167,"province_code":"19","code":"1903","type":"SROK","khmer":"សៀមប៉ាង","english":"Siem Pang","commune":5,"sangkat":0,"village":27,"reference":"ប្រកាសលេខ ៤៩៣ ប្រ.ក","official_note":null,"note_by_checker":null}
{"id":168,"province_code":"19","code":"1902","type":"SROK","khmer":"សៀមបូក","english":"Siem Bouk","commune":7,"sangkat":0,"village":17,"reference":"ប្រកាសលេខ ៤៩៣ ប្រ.ក","official_note":null,"note_by_checker":null}
{"id":169,"province_code":"19","code":"1901","type":"SROK","khmer":"សេសាន","english":"Sesan","commune":7,"sangkat":0,"village":22,"reference":"ប្រកាសលេខ ៤៩៣ ប្រ.ក","official_note":null,"note_by_checker":null}
{"id":170,"province_code":"20","code":"2008","type":"KRONG","khmer":"បាវិត","english":"Bavet","commune":0,"sangkat":5,"village":35,"reference":"២២៨ អនក្រ.បក","official_note":"ពីមុនជាឃុំបាវិតនៅក្នុងដែនដីស្រុកចន្ទ្រាតាមប្រកាសរបស់ក្រសួងមហាផ្ទៃលេខ ៤៩៣ ប្រ.ក ចុះថ្ងៃទី៣០ ខែមេសា ឆ្នាំ២០០១ ប៉ុន្តៃបច្ចុន្បន្នជាក្រុងបាវិត","note_by_checker":null}
{"id":171,"province_code":"20","code":"2007","type":"SROK","khmer":"ស្វាយទាប","english":"Svay Teab","commune":9,"sangkat":0,"village":63,"reference":"ប្រកាសលេខ ៤៩៣ ប្រ.ក","official_note":"តាមប្រកាសរបស់ក្រសួងមហាផ្ទៃលេខ ៤៩៣ ប្រ.ក ចុះថ្ងៃទី៣០ ខែមេសា ឆ្នាំ២០០១","note_by_checker":null}
{"id":172,"province_code":"20","code":"2006","type":"KRONG","khmer":"ស្វាយរៀង","english":"Svay Rieng","commune":0,"sangkat":7,"village":43,"reference":"១២ អនក្រ.បក","official_note":"ពីមុនជាស្រុកស្វាយរៀងតាមប្រកាសរបស់ក្រសួង​មហាផ្ទៃ លេខ​ ៤៩៣ ប្រ.ក.​​ ចុះថ្ងៃទី ៣០​ ខែមេសា ២០០៩ . បច្ចុប្បន្នប្តូរទៅជាក្រុងស្វាយរៀង","note_by_checker":null}
{"id":173,"province_code":"20","code":"2005","type":"SROK","khmer":"ស្វាយជ្រំ","english":"Svay Chrum","commune":16,"sangkat":0,"village":158,"reference":"តាមប្រកាសលេខ ៤៩៣ ប្រ.ក","official_note":"តាមប្រកាសរបស់ក្រសួងមហាផ្ទៃលេខ ៤៩៣ ប្រ.ក ចុះថ្ងៃទី៣០ ខែមេសា ឆ្នាំ២០០១","note_by_checker":null}
{"id":174,"province_code":"20","code":"2004","type":"SROK","khmer":"រមាសហែក","english":"Romeas Haek","commune":16,"sangkat":0,"village":204,"reference":"៤៩៣ ប្រ.ក","official_note":"តាមប្រកាសរបស់ក្រសួងមហាផ្ទៃ","note_by_checker":null}
{"id":175,"province_code":"20","code":"2003","type":"SROK","khmer":"រំដួល","english":"Rumduol","commune":10,"sangkat":0,"village":78,"reference":"៤៩៣ ប្រ.ក","official_note":"តាមប្រកាសរបស់ក្រសួងមហាផ្ទៃលេខ ៤៩៣ ប្រ.ក ចុះថ្ងៃទី៣០ ខែមេសា ឆ្នាំ២០០១","note_by_checker":null}
{"id":176,"province_code":"20","code":"2002","type":"SROK","khmer":"កំពង់រោទិ៍","english":"Kampong Rou","commune":11,"sangkat":0,"village":80,"reference":"៤៩៣ ប្រ.ក","official_note":"តាមប្រកាសរបស់ក្រសួងមហាផ្ទៃ","note_by_checker":null}
{"id":177,"province_code":"20","code":"2001","type":"SROK","khmer":"ចន្ទ្រា","english":"Chantrea","commune":6,"sangkat":0,"village":29,"reference":"៤៩៣ ប្រ.ក","official_note":"តាមប្រកាសរបស់ក្រសួងមហាផ្ទៃ","note_by_checker":null}
{"id":178,"province_code":"21","code":"2110","type":"SROK","khmer":"ទ្រាំង","english":"Treang","commune":14,"sangkat":0,"village":154,"reference":"លេខ ៤៩៣ ប្រ.ក","official_note":"តាមប្រកាសក្រសួងមហាផ្ទៃ","note_by_checker":null}
{"id":179,"province_code":"21","code":"2109","type":"SROK","khmer":"ត្រាំកក់","english":"Tram Kak","commune":15,"sangkat":0,"village":244,"reference":"តាមប្រកាសលេខ ៤៩៣ ប្រ.ក","official_note":null,"note_by_checker":null}
{"id":180,"province_code":"21","code":"2108","type":"KRONG","khmer":"ដូនកែវ","english":"Doun Kaev","commune":0,"sangkat":3,"village":40,"reference":"២២៦ អនក្រ.បក","official_note":"កាលពីមុនជាស្រុកដូនកែវតាមប្រកាសលេខ ៤៩៣ ប្រ.ក ចុះថ្ងៃទី៣០ ខែមេសា ឆ្នាំ២០០១​ របស់ក្រសួងមហាផ្ទៃ បច្ចុន្បន្នជាក្រុងដូនកែវតាមអនុក្រឹតលេខ ២២៦ អនក្រ.បក ចុះថ្ងៃទី៣០ ខែធ្នូ ឆ្នាំ២០០៨។","note_by_checker":null}
{"id":181,"province_code":"21","code":"2107","type":"SROK","khmer":"សំរោង","english":"Samraong","commune":11,"sangkat":0,"village":147,"reference":"លេខ ៤៩៣ ប្រ.ក","official_note":"តាមប្រកាសក្រសួងមហាផ្ទៃ","note_by_checker":null}
{"id":182,"province_code":"21","code":"2106","type":"SROK","khmer":"ព្រៃកប្បាស","english":"Prey Kabbas","commune":13,"sangkat":0,"village":112,"reference":"លេខ ៤៩៣ ប្រ.ក","official_note":null,"note_by_checker":null}
{"id":183,"province_code":"21","code":"2105","type":"SROK","khmer":"កោះអណ្ដែត","english":"Kaoh Andaet","commune":6,"sangkat":0,"village":68,"reference":"៤៩៣ ប្រ.ក","official_note":"តាមប្រកាសរបស់ក្រសួងមហាផ្ទៃ","note_by_checker":null}
{"id":184,"province_code":"21","code":"2104","type":"SROK","khmer":"គីរីវង់","english":"Kiri Vong","commune":12,"sangkat":0,"village":115,"reference":"លេខ ៤៩៣ ប្រ.ក","official_note":"តាមប្រកាសក្រសួងមហាផ្ទៃ","note_by_checker":null}
{"id":185,"province_code":"21","code":"2103","type":"SROK","khmer":"បូរីជលសារ","english":"Borei Cholsar","commune":5,"sangkat":0,"village":39,"reference":"លេខ ៤៩៣ ប្រ.ក","official_note":null,"note_by_checker":null}
{"id":186,"province_code":"21","code":"2102","type":"SROK","khmer":"បាទី","english":"Bati","commune":15,"sangkat":0,"village":168,"reference":"លេខ ៤៩៣ ប្រ.ក","official_note":null,"note_by_checker":null}
{"id":187,"province_code":"21","code":"2101","type":"SROK","khmer":"អង្គរបូរី","english":"Angkor Borei","commune":6,"sangkat":0,"village":34,"reference":"លេខ ៤៩៣ ប្រ.ក","official_note":"តាមប្រកាសក្រសួងមហាផ្ទៃ","note_by_checker":null}
{"id":188,"province_code":"22","code":"2205","type":"SROK","khmer":"ត្រពាំងប្រាសាទ","english":"Trapeang Prasat","commune":6,"sangkat":0,"village":53,"reference":null,"official_note":null,"note_by_checker":null}
{"id":189,"province_code":"22","code":"2204","type":"KRONG","khmer":"សំរោង","english":"Samraong","commune":0,"sangkat":5,"village":72,"reference":null,"official_note":null,"note_by_checker":null}
{"id":190,"province_code":"22","code":"2203","type":"SROK","khmer":"ចុងកាល់","english":"Chong Kal","commune":4,"sangkat":0,"village":35,"reference":null,"official_note":null,"note_by_checker":null}
{"id":191,"province_code":"22","code":"2202","type":"SROK","khmer":"បន្ទាយអំពិល","english":"Banteay Ampil","commune":4,"sangkat":0,"village":86,"reference":null,"official_note":null,"note_by_checker":null}
{"id":192,"province_code":"22","code":"2201","type":"SROK","khmer":"អន្លង់វែង","english":"Anlong Veaeng","commune":5,"sangkat":0,"village":58,"reference":null,"official_note":null,"note_by_checker":null}
{"id":193,"province_code":"23","code":"2302","type":"KRONG","khmer":"កែប","english":"Kaeb","commune":0,"sangkat":3,"village":7,"reference":"អនុក្រឹត្យលេខ ០៦​ អនក្រ.បក","official_note":"ត្រូវបានប្តូរខណ្ឌកែបទៅជាក្រុងកែប","note_by_checker":null}
{"id":194,"province_code":"23","code":"2301","type":"SROK","khmer":"ដំណាក់ចង្អើរ","english":"Damnak Chang'aeur","commune":2,"sangkat":0,"village":11,"reference":"អនុក្រឹត្យលេខ ០៦ អនក្រ.បក","official_note":"ត្រូវបានប្តូរខណ្ឌដំណាក់ចង្អើរទៅជាស្រុកដំណាក់ចង្អើរ","note_by_checker":null}
{"id":195,"province_code":"24","code":"2402","type":"SROK","khmer":"សាលាក្រៅ","english":"Sala Krau","commune":4,"sangkat":0,"village":49,"reference":"០៥​អនក្រ.បក​","official_note":"អនុក្រឹត្យ​ស្តីពី​ការប្តូរខណ្ឌ​នៃខេត្តប៉ៃលិនទៅជាក្រុង​និងជាស្រុក","note_by_checker":null}
{"id":196,"province_code":"24","code":"2401","type":"KRONG","khmer":"ប៉ៃលិន","english":"Pailin","commune":0,"sangkat":4,"village":41,"reference":"លេខ 05​អនក្រុ.បក","official_note":"យោងតាមអនុក្រឹត្យលេខ​០៥​អនក្រ,បក​ចុះថ្ងៃទី០៩​ខែមករា​ឆ្នាំ2009\nស្តីពីការប្ដូរខណ្ឌ​នៃខេត្តប៉ៃលិនទៅជាក្រុងនិងស្រុក","note_by_checker":null}
{"id":197,"province_code":"25","code":"2507","type":"SROK","khmer":"ត្បូងឃ្មុំ","english":"Tboung Khmum","commune":14,"sangkat":0,"village":211,"reference":"Royal Degree 1445","official_note":"Royal Degree 1445 on 31 Dec 2013 Move to Tboung Khmum","note_by_checker":null}
{"id":198,"province_code":"25","code":"2506","type":"KRONG","khmer":"សួង","english":"Suong","commune":0,"sangkat":2,"village":30,"reference":"ព្រះរាជក្រិត្យលេខ ១៤៤៥","official_note":"អនុក្រឹត្យលេខ ២៣៤អនក្រ.បក ស្តីពីការបង្កើត ក្រុងសួង នៃខេត្តកំពង់ចាម, Royal Degree 1445 on 31 Dec 2013 Move to Tboung Khmum","note_by_checker":null}
{"id":199,"province_code":"25","code":"2505","type":"SROK","khmer":"ពញាក្រែក","english":"Ponhea Kraek","commune":8,"sangkat":0,"village":150,"reference":"Royal Degree 1445","official_note":"Royal Degree 1445 on 31 Dec 2013 Move to Tboung Khmum","note_by_checker":null}
{"id":200,"province_code":"25","code":"2504","type":"SROK","khmer":"អូររាំងឪ","english":"Ou Reang Ov","commune":7,"sangkat":0,"village":142,"reference":"Royal Degree 1445","official_note":"Royal Degree 1445 on 31 Dec 2013 Move to Tboung Khmum","note_by_checker":null}
{"id":201,"province_code":"25","code":"2503","type":"SROK","khmer":"មេមត់","english":"Memot","commune":14,"sangkat":0,"village":180,"reference":"Royal Degree 1445","official_note":"Royal Degree 1445 on 31 Dec 2013 Move to Tboung Khmum","note_by_checker":null}
{"id":202,"province_code":"25","code":"2502","type":"SROK","khmer":"ក្រូចឆ្មារ","english":"Krouch Chhmar","commune":12,"sangkat":0,"village":77,"reference":"Royal Degree 1445","official_note":"Royal Degree 1445 on 31 Dec 2013 Move to Tboung Khmum","note_by_checker":null}
{"id":203,"province_code":"25","code":"2501","type":"SROK","khmer":"តំបែរ","english":"Dambae","commune":7,"sangkat":0,"village":83,"reference":"Royal Degree 1445","official_note":"Royal Degree 1445 on 31 Dec 2013 Move to Tboung Khmum","note_by_checker":null}
