{"id":1,"code":"01","khmer":"ខេត្តបន្ទាយមានជ័យ","english":"Banteay Meanchey Province","krong":2,"srok":7,"khan":0,"commune":55,"sangkat":10,"village":654,"reference":"ប្រកាសលេខ ៤៩៣ ប្រ.ក","latitude":"13.7532","longitudes":"102.9896","abbreviation":"BMC","east_en":"Siemreap Province","east_kh":"ខេត្តសៀមរាប","west_en":"Thailand","west_kh":"ប្រទេសថៃឡង់ដ៍","south_en":"Battambang and Siemreap Province","south_kh":"ខេត្តបាត់ដំបង និងខេត្តសៀមរាប","north_en":"Oddar Meanchey Province","north_kh":"ខេត្តឧត្តរមានជ័យ"}
{"id":2,"code":"02","khmer":"ខេត្តបាត់ដំបង","english":"Battambang Province","krong":1,"srok":13,"khan":0,"commune":92,"sangkat":10,"village":830,"reference":"លេខ​៤៩៣ប្រ.ក","latitude":"13.0287","longitudes":"102.9896","abbreviation":"BAT","east_en":"Siemreap Province and Tonle Sap Lake","east_kh":"ខេត្តសៀមរាប​និង​បឹងទន្លេសាប","west_en":"Thailand","west_kh":"ប្រទេសថៃឡង់ដ៏","south_en":"Pursat Province","south_kh":"ខេត្តពោធិសាត់","north_en":"Banteay Meanchey Province","north_kh":"ខេត្តបន្ទាយមានជ័យ"}
{"id":3,"code":"03","khmer":"ខេត្តកំពង់ចាម","english":"Kampong Cham Province","krong":1,"srok":9,"khan":0,"commune":105,"sangkat":4,"village":917,"reference":"ប្រកាសលេខ ៤៩៣ ប្រ.ក","latitude":"12.0983","longitudes":"105.3131","abbreviation":"KPC","east_en":"Vietnam","east_kh":"ប្រទេសវៀតណាម","west_en":"Kampong Chhnang Province","west_kh":"ខេត្តកំពង់ឆ្នាំង","south_en":"Prey Veng and Kandal Province","south_kh":"ខេត្តព្រៃវែង និងខេត្តកណ្តាល","north_en":"Kampong Thom and Kratie Province","north_kh":"ខេត្តកំពង់ធំ និងខេត្តក្រចេះ"}
{"id":4,"code":"04","khmer":"ខេត្តកំពង់ឆ្នាំង","english":"Kampong Chhnang Province","krong":1,"srok":7,"khan":0,"commune":66,"sangkat":4,"village":569,"reference":"ប្រកាសលេខ ៤៩៣ ប្រ.ក","latitude":"12.1392","longitudes":"104.5655","abbreviation":"KCH","east_en":"Kampong Cham Province","east_kh":"ខេត្តកំពង់ចាម","west_en":"Pursat Province","west_kh":"ខេត្តពោធិសាត់","south_en":"Kampong Speu and Kandal Province","south_kh":"ខេត្តកំពង់ស្ពឺ និងខេត្តកណ្តាល","north_en":"Kampong Thom Province","north_kh":"ខេត្តកំពង់ធំ"}
{"id":5,"code":"05","khmer":"ខេត្តកំពង់ស្ពឺ","english":"Kampong Speu Province","krong":1,"srok":7,"khan":0,"commune":82,"sangkat":5,"village":1363,"reference":"លេខ​៤៩៣​ប្រ,ក","latitude":"11.6155","longitudes":"104.3792","abbreviation":"KSP","east_en":"Kandal Province","east_kh":"ខេត្តកណ្ដាល","west_en":"Koh Kong Province","west_kh":"ខេត្តកោះកុង","south_en":"Takeo and Kampot Province","south_kh":"ខេត្តតាកែវ​និងខេត្តកំពត","north_en":"Pursat and Kampong Chhnang Province","north_kh":"ខេត្តពោធិសាត់​និងខេត្តកំពង់ឆ្នាំង"}
{"id":6,"code":"06","khmer":"ខេត្តកំពង់ធំ","english":"Kampong Thom Province","krong":1,"srok":8,"khan":0,"commune":73,"sangkat":8,"village":765,"reference":"ប្រកាសលេខ ៤៩៣​ ប្រ.ក","latitude":"12.8222","longitudes":"105.1259","abbreviation":"KPT","east_en":"Kratie and Stung Treng Province","east_kh":"ទល់នឹង ខេត្តក្រចេះ និងខេត្តស្ទឹងត្រែង","west_en":"Siemreap and Tonle Sap Lake","west_kh":"ទល់នឹង ខេត្តសៀមរាប និងបឹងទន្លេសាប","south_en":"Kampong Cham and Kampong Chhnang Province","south_kh":"ទល់នឹង ខេត្តកំពង់ចាម និងខេត្តកំពង់ឆ្នាំង","north_en":"Preah Vihear Province","north_kh":"ទល់នឹង ខេត្តព្រះវិហារ"}
{"id":7,"code":"07","khmer":"ខេត្តកំពត","english":"Kampot Province","krong":1,"srok":7,"khan":0,"commune":88,"sangkat":5,"village":488,"reference":"ប្រកាសលេខ ៤៩៣ ​ប្រ.ក របស់ក្រសួងមហាផ្ទៃ","latitude":"10.7325","longitudes":"104.3792","abbreviation":"KAM","east_en":"Takeo Province","east_kh":"ខេត្តតាកែវ","west_en":"Koh Kong and Preah Sihanouk Province","west_kh":"ខេត្តកោះកុង​ និងខេត្តព្រះសីហនុ","south_en":"Kep Province and Vietnam","south_kh":"ខេត្តកែប ​និងប្រទេសវៀតណាម","north_en":"Kampong Speu Province","north_kh":"ខេត្តកំពង់ស្ពឺ"}
{"id":8,"code":"08","khmer":"ខេត្តកណ្ដាល","english":"Kandal Province","krong":1,"srok":10,"khan":0,"commune":117,"sangkat":10,"village":1010,"reference":"ប្រកាសលេខ ៤៩៣​ ប្រ.ក","latitude":"11.2237","longitudes":"105.1259","abbreviation":"KDL","east_en":"Prey Veng Province","east_kh":"ទល់នឹងខេត្តព្រៃវែង","west_en":"Kampong Speu Province","west_kh":"ទល់នឹងខេត្តកំពង់ស្ពឺ","south_en":"Takeo Province and Vietnam","south_kh":"ទល់នឹងខេត្តតាកែវ​និងប្រទេសវៀតណាម","north_en":"Kampong Chhnang and Kampong Cham Province","north_kh":"ទល់នឹងខេត្តកំពង់ឆ្នាំង​និងខេត្តកំពង់ចាម"}
{"id":9,"code":"09","khmer":"ខេត្តកោះកុង","english":"Koh Kong Province","krong":1,"srok":6,"khan":0,"commune":26,"sangkat":3,"village":119,"reference":"ប្រកាសលេខ ៤៩៣ ប្រ.ក របស់ក្រសួងមហាផ្ទៃ","latitude":"11.5763","longitudes":"103.3587","abbreviation":"KKG","east_en":"Kampong Speu and Kampot Province","east_kh":"ខេត្តកំពង់ស្ពឺ និងខេត្តកំពត","west_en":"Thailand","west_kh":"ប្រទេសថៃឡង់ដ៏","south_en":"Preah Sihanouk Province","south_kh":"ខេត្តព្រះសីហនុ","north_en":"Pursat Province","north_kh":"ខេត្តពោធិសាត់"}
{"id":10,"code":"10","khmer":"ខេត្តក្រចេះ","english":"Kratie Province","krong":1,"srok":5,"khan":0,"commune":42,"sangkat":5,"village":258,"reference":"ប្រកាសលេខ ៤៩៣ ប្រ.ក","latitude":"12.5044","longitudes":"105.9700","abbreviation":"KRT","east_en":"Mondul Kiri Province","east_kh":"ទល់នឹង ខេត្តមណ្ឌលគិរី","west_en":"Kampong Thom Province","west_kh":"ទល់នឹង ខេត្តកំពង់ធំ","south_en":"Kampong Cham Province","south_kh":"ទល់នឹង ខេត្តកំពង់ចាម","north_en":"Stung Treng Province","north_kh":"ទល់នឹង ខេត្តស្ទឹងត្រែង"}
{"id":11,"code":"11","khmer":"ខេត្តមណ្ឌលគិរី","english":"Mondul Kiri Province","krong":1,"srok":4,"khan":0,"commune":17,"sangkat":4,"village":92,"reference":"ប្រកាសលេខ ៤៩៣ ប្រ.ក","latitude":"12.7879","longitudes":"107.1012","abbreviation":"MKR","east_en":"Vietnam","east_kh":"ទល់នឹង ប្រទេសវៀតណាម","west_en":"Kratie Province","west_kh":"ទល់នឹង ខេត្តក្រចេះ","south_en":"Kratie Province and Vietnam","south_kh":"ទល់នឹង ខេត្តក្រចេះ និងប្រទេសវៀតណាម","north_en":"Ratanak Kiri and Stung Treng Province","north_kh":"ទល់នឹង ខេត្តរតនគិរី និងខេត្តស្ទឹងត្រែង"}
{"id":12,"code":"12","khmer":"រាជធានីភ្នំពេញ","english":"Phnom Penh Capital","krong":0,"srok":0,"khan":14,"commune":0,"sangkat":105,"village":953,"reference":"ប្រកាសលេខ ៤៩៣ ប្រ.ក","latitude":"11.5564","longitudes":"104.9282","abbreviation":"PNP","east_en":"Khsach Kandal and Lvea Aem District","east_kh":"ស្រុកខ្សាច់កណ្ដាល និងស្រុកល្វាឯម","west_en":"Kandal Stueng and Angk Snuol District","west_kh":"ស្រុកកណ្ដាលស្ទឹង និងស្រុកអង្គស្នួល","south_en":"Kien Svay and Ta Khmau District","south_kh":"ស្រុកកៀនស្វាយ និងស្រុកតាខ្មៅ","north_en":"Ponhea Lueu District","north_kh":"ស្រុកពញាឮ និងស្រុកមុខកំពូល"}
{"id":13,"code":"13","khmer":"ខេត្តព្រះវិហារ","english":"Preah Vihear Province","krong":1,"srok":7,"khan":0,"commune":49,"sangkat":2,"village":232,"reference":"ប្រកាសលេខ ៤៩៣ ប្រ.ក","latitude":"14.0086","longitudes":"104.8455","abbreviation":"PVR","east_en":"Stung Treng Province","east_kh":"ទល់នឹង ខេត្តស្ទឹងត្រែង","west_en":"Siemreap and Oddar Meanchey Province","west_kh":"ទល់នឹង ខេត្តសៀមរាប និងខេត្តឧត្តរមានជ័យ","south_en":"Kampong Thom Province","south_kh":"ទល់នឹង ខេត្តកំពង់ធំ","north_en":"Thailand","north_kh":"ទល់នឹង ប្រទេសថៃឡង់ដ៏"}
{"id":14,"code":"14","khmer":"ខេត្តព្រៃវែង","english":"Prey Veng Province","krong":1,"srok":12,"khan":0,"commune":112,"sangkat":4,"village":1149,"reference":"ប្រកាសលេខ ៤៩៣​ ប្រ.ក","latitude":"11.3802","longitudes":"105.5005","abbreviation":"PVG","east_en":"Svay Rieng Province","east_kh":"ទល់នឹងខេត្តស្វាយរៀង","west_en":"Kandal Province","west_kh":"ទល់នឹងខេត្តកណ្ដាល","south_en":"Vietnam","south_kh":"ទល់នឹងប្រទេសវៀតណាម","north_en":"Kampong Cham Province","north_kh":"ទល់នឹងខេត្តកំពង់ចាម"}
{"id":15,"code":"15","khmer":"ខេត្តពោធិ៍សាត់","english":"Pursat Province","krong":1,"srok":6,"khan":0,"commune":42,"sangkat":7,"village":511,"reference":"លេខ​៤៩៣​ប្រ.ក","latitude":"12.2721","longitudes":"103.7289","abbreviation":"PUR","east_en":"Kampong Speu, Kampong Chhnang and Kampong Thom Province","east_kh":"ខេត្តកំពង់ស្ពឺ​ខេត្តកំពង់ឆ្នាំង​និងខេត្តកំពង់ធំ","west_en":"Battambang Province","west_kh":"ខេត្តបាត់ដំបង","south_en":"Koh Kong Province and Thailand","south_kh":"ខេត្តកោះកុង​និងប្រទេសថៃឡង់ដ៏","north_en":"Siemreap Province","north_kh":"ខេត្តសៀមរាប"}
{"id":16,"code":"16","khmer":"ខេត្តរតនគិរី","english":"Ratanak Kiri Province","krong":1,"srok":8,"khan":0,"commune":46,"sangkat":4,"village":243,"reference":"ប្រកាសលេខ ៤៩៣ ប្រ.ក","latitude":"13.8577","longitudes":"107.1012","abbreviation":"RAT","east_en":"Vietnam","east_kh":"ប្រទេសវៀតណាម","west_en":"Stung Treng Province","west_kh":"ខេត្តស្ទឹងត្រែង","south_en":"Mondul Kiri Province and Vietnam","south_kh":"ខេត្តមណ្ឌលគីរី និងប្រទេសវៀតណាម","north_en":"Loas","north_kh":"ប្រទេសឡាវ"}
{"id":17,"code":"17","khmer":"ខេត្តសៀមរាប","english":"Siemreap Province","krong":1,"srok":11,"khan":0,"commune":88,"sangkat":12,"village":909,"reference":"ប្រកាសលេខ ៤៩៣ ប្រ.ក","latitude":"13.3303","longitudes":"104.1001","abbreviation":"SRP","east_en":"Preah Vihear Province","east_kh":"ទល់នឹង ខេត្តព្រះវិហារ","west_en":"Banteay Meanchey and Battambang Province","west_kh":"ទល់នឹង ខេត្តបន្ទាយមានជ័យ និងខេត្តបាត់ដំបង","south_en":"Tonle Sap Lake and Kampong Thom Province","south_kh":"ទល់នឹង បឹងទន្លេសាប និងខេត្តកំពង់ធំ","north_en":"Oddar Meanchey Province","north_kh":"ទល់នឹង ខេត្តឧត្តរមានជ័យ"}
{"id":18,"code":"18","khmer":"ខេត្តព្រះសីហនុ","english":"Preah Sihanouk Province","krong":2,"srok":3,"khan":0,"commune":23,"sangkat":6,"village":111,"reference":"ព្រះរាជក្រឹត្យលេខ នស/រកត/១២០៨/១៣៨៥","latitude":"10.7582","longitudes":"103.8216","abbreviation":"SHV","east_en":"Sea","east_kh":"សមុទ្រ","west_en":"Koh Kong Province and Sea","west_kh":"ខេត្តកោះកុង និងសមុទ្រ","south_en":"Sea","south_kh":"សមុទ្រ","north_en":"Kampot Province","north_kh":"ខេត្តកំពត"}
{"id":19,"code":"19","khmer":"ខេត្តស្ទឹងត្រែង","english":"Stung Treng Province","krong":1,"srok":5,"khan":0,"commune":30,"sangkat":4,"village":128,"reference":"ប្រកាសលេខ ៤៩៣ ប្រ.ក","latitude":"13.5765","longitudes":"105.9700","abbreviation":"STG","east_en":"Ratanak Kiri and Mondul Kiri Province","east_kh":"ខេត្តរតនគិរី និងខេត្តមណ្ឌលគិរី","west_en":"Preah Vihear and Kampong Thom Province","west_kh":"ខេត្តព្រះវិហារ និងខេត្តកំពង់ធំ","south_en":"Kratie Province","south_kh":"ខេត្តក្រចេះ","north_en":"Laos","north_kh":"ប្រទេសឡាវ"}
{"id":20,"code":"20","khmer":"ខេត្តស្វាយរៀង","english":"Svay Rieng Province","krong":2,"srok":6,"khan":0,"commune":68,"sangkat":12,"village":690,"reference":"ប្រកាសលេខ ៤៩៣​ ប្រ.ក","latitude":"11.1427","longitudes":"105.8290","abbreviation":"SVR","east_en":"Vietnam","east_kh":"ទល់នឹងប្រទេសវៀតណាម","west_en":"Prey Veng Province","west_kh":"ទល់នឹងខេត្តព្រែវែង","south_en":"Vietnam","south_kh":"ទល់នឹងប្រទេសវៀតណាម","north_en":"Kampong Cham Province","north_kh":"ទល់នឹងខេត្តកំពង់ចាម"}
{"id":21,"code":"21","khmer":"ខេត្តតាកែវ","english":"Takeo Province","krong":1,"srok":9,"khan":0,"commune":97,"sangkat":3,"village":1121,"reference":"ប្រកាសលេខ ៤៩៣​ ប្រ.ក","latitude":"10.9322","longitudes":"104.7988","abbreviation":"TAK","east_en":"Kandal Province","east_kh":"ទល់នឹងខេត្តកណ្ដាល","west_en":"Kampot Province","west_kh":"ទល់នឹងខេត្តកំពត","south_en":"Vietnam","south_kh":"ទល់នឹងប្រទេសវៀតណាម","north_en":"Kampong Speu Province","north_kh":"ទល់នឹងខេត្តកំពង់ស្ពឺ"}
{"id":22,"code":"22","khmer":"ខេត្តឧត្ដរមានជ័យ","english":"Oddar Meanchey Province","krong":1,"srok":4,"khan":0,"commune":19,"sangkat":5,"village":304,"reference":"ប្រកាសលេខ ៤៩៣ ប្រ.ក","latitude":"14.1610","longitudes":"103.8216","abbreviation":"OMC","east_en":"Preah Vihear Province","east_kh":"ខេត្តព្រះវិហារ","west_en":"Banteay Meanchey Province and Thailand","west_kh":"ខេត្តបន្ទាយមានជ័យ និងប្រទេសថៃឡង់ដ៍","south_en":"Siemreap and Banteay Meanchey Province","south_kh":"ខេត្តសៀមរាប និងខេត្តបន្ទាយមានជ័យ","north_en":"Thailand","north_kh":"ប្រទេសថៃឡង់ដ៍"}
{"id":23,"code":"23","khmer":"ខេត្តកែប","english":"Kep Province","krong":1,"srok":1,"khan":0,"commune":2,"sangkat":3,"village":18,"reference":"ព្រះរាជក្រឹត្យលេខ នស/រកត/១២០៨/១៣៨៣","latitude":"10.5361","longitudes":"104.3559","abbreviation":"KEP","east_en":"Kampot Province","east_kh":"ខេត្តកំពត","west_en":"Sea","west_kh":"សមុទ្រ","south_en":"Sea","south_kh":"សមុទ្រ","north_en":"Kampot Province","north_kh":"ខេត្តកំពត"}
{"id":24,"code":"24","khmer":"ខេត្តប៉ៃលិន","english":"Pailin Province","krong":1,"srok":1,"khan":0,"commune":4,"sangkat":4,"village":90,"reference":"នស/រកម/1208/1384​","latitude":"12.9093","longitudes":"102.6676","abbreviation":"PLN","east_en":"Battambang Province","east_kh":"ខេត្ត​បាត់ដំបង","west_en":"Thailand","west_kh":"ប្រទេសថៃឡង់ដ៏","south_en":"Battambang Province","south_kh":"ខេត្ត​បាត់ដំបង","north_en":"Battambang Province","north_kh":"ខេត្ត​បាត់ដំបង"}
{"id":25,"code":"25","khmer":"ខេត្តត្បូងឃ្មុំ","english":"Tboung Khmum Province","krong":1,"srok":6,"khan":0,"commune":62,"sangkat":2,"village":873,"reference":"ព្រះរាជក្រឹក្យលេខ នស/រកត/១២១៣/១៤៤៥","latitude":"12.0300","longitudes":"105.7351","abbreviation":"TKM","east_en":"Vietnam","east_kh":"ប្រទេសវៀតណាម","west_en":"Kampong Cham Province","west_kh":"ខេត្តកំពង់ចាម","south_en":"Prey Veng Province","south_kh":"ខេត្តព្រៃវែង","north_en":"Kratie Province","north_kh":"ខេត្តក្រចេះ"}
